# INSTRUCTIONS: every sentence below was written by an AI, not a native Tunisian speaker. For each row: (1) is the text natural Tunisian Arabic/arabizi that a driver would really write? (2) does the expected category / severity match what it means? Fill native_ok (yes/no), correct_text (natural rewording if not), correct_category, correct_severity, comment. Categories: VEHICLE_ISSUE WEATHER ROAD_TRAFFIC CUSTOMER_ABSENT CARGO_ISSUE DRIVER_ISSUE OTHER. Severity: LOW / HIGH / CRITICAL (CRITICAL = immediate danger to a person). A|B in expected_category means either is acceptable.
source,id,language,text,expected_category,expected_severity,note,native_ok,correct_text,correct_category,correct_severity,comment
eval_set.csv,1,arabizi,el camion kharban fi tri9,VEHICLE_ISSUE,HIGH,,,,,,
eval_set.csv,2,arabic-script,الكاميو خربان في الطريق,VEHICLE_ISSUE,HIGH,,,,,,
eval_set.csv,6,arabizi,pneu crevé rani wa9ef,VEHICLE_ISSUE,HIGH,,,,,,
eval_set.csv,7,arabic-script,بونيو مثقب توقفت,VEHICLE_ISSUE,HIGH,,,,,,
eval_set.csv,10,arabizi,3atlet el karhba fi nos tri9,VEHICLE_ISSUE,HIGH,,,,,,
eval_set.csv,12,arabic-script,المحرك سخن توقفت في الطريق,VEHICLE_ISSUE,HIGH,,,,,,
eval_set.csv,14,arabizi,chta 9awya tri9 masdouda,WEATHER,HIGH,,,,,,
eval_set.csv,15,arabic-script,مطر قوي الطريق مسدودة,WEATHER,HIGH,known false-positive risk: contains rain-adjacent Arabic terms only,,,,,
eval_set.csv,19,arabizi,ri7 9wiya khayfa nkammel,WEATHER,LOW,,,,,,
eval_set.csv,20,arabic-script,ريح قوية خايف نكمل,WEATHER,LOW,,,,,,
eval_set.csv,23,arabizi,fayadan fi tri9 el karhba ma temchich,WEATHER,CRITICAL,,,,,,
eval_set.csv,24,arabic-script,فيضان في الطريق السيارة ما تمشيش,WEATHER,CRITICAL,,,,,,
eval_set.csv,27,arabizi,tri9 masdouda 7asb chantier,ROAD_TRAFFIC,HIGH,road closed for construction not weather,,,,,
eval_set.csv,28,arabic-script,الطريق مسدودة بسبب أشغال,ROAD_TRAFFIC,HIGH,,,,,,
eval_set.csv,32,arabizi,zdi7am kbir fi tri9 ma nnajamch nemchi,ROAD_TRAFFIC,LOW,,,,,,
eval_set.csv,33,arabic-script,ازدحام كبير في الطريق ما نجمش نتحرك,ROAD_TRAFFIC,LOW,,,,,,
eval_set.csv,36,arabizi,7adhr accident 9dami tri9 masdouda,ROAD_TRAFFIC,HIGH,accident ahead blocking road not the driver's own vehicle,,,,,
eval_set.csv,37,arabic-script,حادث قدامي الطريق مسدودة,ROAD_TRAFFIC,HIGH,,,,,,
eval_set.csv,39,arabizi,ma l9itch el client 3andou telifoun sakket,CUSTOMER_ABSENT,LOW,confusable pair vs row 53 (cargo),,,,,
eval_set.csv,40,arabic-script,ما لقيتش الكليان تليفونو ساكت,CUSTOMER_ABSENT,LOW,,,,,,
eval_set.csv,44,arabizi,raho kharej ma najamch nsallem,CUSTOMER_ABSENT,LOW,,,,,,
eval_set.csv,45,arabic-script,راهو خارج ما نجمش نسلم,CUSTOMER_ABSENT,LOW,,,,,,
eval_set.csv,48,arabizi,el client mouch mawjoud fi dar barcha wa9t,CUSTOMER_ABSENT,HIGH,waited a long time,,,,,
eval_set.csv,49,arabic-script,الحريف موش موجود في الدار برشة وقت,CUSTOMER_ABSENT,HIGH,,,,,,
eval_set.csv,53,arabizi,ma l9itch el sel3a fi camion,CARGO_ISSUE,LOW,confusable pair vs row 39 (customer),,,,,
eval_set.csv,54,arabic-script,ما لقيتش السلعة في الكاميو,CARGO_ISSUE,LOW,,,,,,
eval_set.csv,58,arabizi,sel3a mkassra chwaya,CARGO_ISSUE,LOW,,,,,,
eval_set.csv,59,arabic-script,السلعة مكسورة شوية,CARGO_ISSUE,LOW,,,,,,
eval_set.csv,62,arabizi,el carton mballel bel ma sel3a 5asra,CARGO_ISSUE,HIGH,cargo wet and ruined not vehicle damage,,,,,
eval_set.csv,63,arabic-script,الكرتون مبلل بالماء السلعة خسرانة,CARGO_ISSUE,HIGH,,,,,,
eval_set.csv,65,arabizi,ena mrid barcha manjamch nkamel,DRIVER_ISSUE,HIGH,driver himself is sick not the vehicle,,,,,
eval_set.csv,66,arabic-script,أنا مريض برشة ما نجمش نكمل,DRIVER_ISSUE,HIGH,,,,,,
eval_set.csv,70,arabizi,jri7t chwaya fi eid ma najamch nsou9,DRIVER_ISSUE,HIGH,,,,,,
eval_set.csv,71,arabic-script,جريت شوية في اليد ما نجمش نسوق,DRIVER_ISSUE,HIGH,,,,,,
eval_set.csv,74,arabizi,ena 3ayyen barcha lezemni nrtah chwaya,DRIVER_ISSUE,LOW,tired not injured,,,,,
eval_set.csv,75,arabic-script,أنا عيان برشة لازمني نرتاح شوية,DRIVER_ISSUE,LOW,,,,,,
eval_set.csv,77,arabizi,ma l9itch el adresse el GPS ghalet,OTHER,LOW,was ADDRESS_ISSUE; out of scope -> OTHER,,,,,
eval_set.csv,78,arabic-script,ما لقيتش العنوان الجي بي اس غالط,OTHER,LOW,was ADDRESS_ISSUE; out of scope -> OTHER; REGRESSION CHECK: baseline predicted CUSTOMER_ABSENT (see PROGRESS.md),,,,,
eval_set.csv,82,arabizi,el 3anwan machi sa7i7 dert dour barcha,OTHER,LOW,was ADDRESS_ISSUE; out of scope -> OTHER,,,,,
eval_set.csv,83,arabic-script,العنوان مش صحيح درت دور برشة,OTHER,LOW,was ADDRESS_ISSUE; out of scope -> OTHER,,,,,
eval_set.csv,86,arabizi,ma3andich raqm el 3imara el adresse na9sa,OTHER,LOW,was ADDRESS_ISSUE; out of scope -> OTHER; REGRESSION CHECK: baseline predicted CUSTOMER_ABSENT (see PROGRESS.md),,,,,
eval_set.csv,87,arabic-script,ما عنديش رقم العمارة العنوان ناقص,OTHER,LOW,was ADDRESS_ISSUE; out of scope -> OTHER; REGRESSION CHECK: baseline predicted CUSTOMER_ABSENT (see PROGRESS.md),,,,,
eval_set.csv,90,arabizi,cha7al fama,OTHER,LOW,ambiguous on purpose. unclear meaning out of context,,,,,
eval_set.csv,91,arabic-script,شنوة نعملو توا,OTHER,LOW,ambiguous on purpose. what do we do now -- no concrete category signal,,,,,
eval_set.csv,95,arabizi,3andi mochkla,OTHER,LOW,ambiguous on purpose. ,,,,,
eval_set.csv,96,arabic-script,عندي مشكلة,OTHER,LOW,ambiguous on purpose. ,,,,,
eval_set.csv,99,arabizi,kolchay behi normal,OTHER,LOW,ambiguous on purpose. should not trigger any exception category,,,,,
heldout_critical.csv,H1,arabizi,el sayek tjar7 w ma y9edrech ychouf lezem ambulance,DRIVER_ISSUE,CRITICAL,injury+ambulance,,,,,
heldout_critical.csv,H2,arabizi,rjel msal7in 3tarrdou el camion w y7addedou fi sayek,DRIVER_ISSUE|OTHER,CRITICAL,armed men threatening driver; category genuinely ambiguous,,,,,
heldout_critical.csv,H3,arabic-script,السواق طاح من الكميون وينزف ونحتاجو إسعاف,DRIVER_ISSUE,CRITICAL,injury+ambulance,,,,,
heldout_critical.csv,H4,arabic-script,الأرض تنهار تحت الكميون قرب الوادي,WEATHER|OTHER|VEHICLE_ISSUE|ROAD_TRAFFIC,CRITICAL,ground collapsing under truck; category ambiguous,,,,,
heldout_critical.csv,N2,arabic-script,الطريق مسدودة بسبب أشغال وصلاح الطريق,ROAD_TRAFFIC,NOT_CRITICAL,severity must not be CRITICAL,,,,,
few-shot (analyzer.py),FS1,arabizi,"el chauffeur w9a3 men el camion w yenzef, lezem is3af",DRIVER_ISSUE,CRITICAL,example shown to the model,,,,,
few-shot (analyzer.py),FS5,arabic-script,الكميون شعلت فيه النار والسواق مازال داخلو,VEHICLE_ISSUE,CRITICAL,example shown to the model,,,,,
